Job Title,Division,Url,City,State,Company Name
Business Support Coordinator CNN,1570,http://jobsatturner.com/careers/news-jobs/united-kingdom/london/news/business-support-coordinator-cnn-jobs,London, United Kingdom
Applications Architect CNN Digital,Corporate,http://jobsatturner.com/careers/news-jobs/atlanta/news/jobid9783642-applications-architect-cnn-digital-jobs,Atlanta, GA
Applications Architect CNN Digital,Corporate,http://jobsatturner.com/careers/news-jobs/atlanta/news/jobid9783643-applications-architect-cnn-digital-jobs,Atlanta, GA
Associate Producer HLN,News,http://jobsatturner.com/careers/news-jobs/united-states/news/associate-producer-hln-jobs,New York, NY
Producer HLN,News,http://jobsatturner.com/careers/news-jobs/atlanta/news/producer-hln-jobs,Atlanta, GA
Senior Producer HLN,News,http://jobsatturner.com/careers/news-jobs/atlanta/news/senior-producer-hln-jobs,Atlanta, GA
Business Operations Coordinator CNN International,News,http://jobsatturner.com/careers/news-jobs/atlanta/news/business-operations-coordinator-cnn-international-jobs,Atlanta, GA
CNN Intern Fall 2016 – Anderson Cooper 360,News,http://jobsatturner.com/careers/news-jobs/united-states/news/cnn-intern-fall-2016-–-anderson-cooper-360-jobs,New York, NY
CNN Intern Fall 2016 CNN Heroes,News,http://jobsatturner.com/careers/news-jobs/united-states/news/cnn-intern-fall-2016-cnn-heroes-jobs,New York, NY
CNN NY Hair & Make Up Artist,News,http://jobsatturner.com/careers/news-jobs/united-states/news/cnn-ny-hair-﹠-make-up-artist-jobs,New York, NY
Senior Software Developer CNN,2070,http://jobsatturner.com/careers/news-jobs/united-kingdom/london/news/senior-software-developer-cnn-jobs,London, United Kingdom
Traffic Sls Scheduling Editor,Corporate,http://jobsatturner.com/careers/news-jobs/atlanta/news/traffic-sls-scheduling-editor-jobs,Atlanta, GA
Photojournalist,News,http://jobsatturner.com/careers/news-jobs/united-states/news/photojournalist-jobs,New York, NY
Sr. Producer Data News & Interactives,News,http://jobsatturner.com/careers/news-jobs/atlanta/news/sr.-producer-data-news-﹠-interactives-jobs,Atlanta, GA
Business Development Manager CNN Digital,News,http://jobsatturner.com/careers/news-jobs/united-states/news/jobid9379872-business-development-manager-cnn-digital-jobs,New York, NY
Writer CNN International,News,http://jobsatturner.com/careers/news-jobs/atlanta/news/writer-cnn-international-jobs,Atlanta, GA
Product Manager CNN Style,1570,http://jobsatturner.com/careers/news-jobs/united-kingdom/london/news/product-manager-cnn-style-jobs,London, United Kingdom
Senior Producer News,1570,http://jobsatturner.com/careers/news-jobs/united-kingdom/london/news/senior-producer-news-jobs,London, United Kingdom
Sr Systems\Software Developer CNN BEST META TEAM,Corporate,http://jobsatturner.com/careers/news-jobs/atlanta/news/jobid10436251-sr-systems_software-developer-cnn-best-meta-team-jobs,Atlanta, GA
Sr Systems\Software Developer CNN BEST META TEAM,Corporate,http://jobsatturner.com/careers/news-jobs/atlanta/news/jobid10436252-sr-systems_software-developer-cnn-best-meta-team-jobs,Atlanta, GA
